,price,bedrooms,bathrooms,sqft_living,sqft_lot,floors,waterfront,view,condition,grade,sqft_above,sqft_basement,yr_built,yr_renovated,lat,long,sqft_living15,sqft_lot15
price,1.0,0.345,0.497,0.644,0.075,0.322,0.115,0.294,0.018,0.658,0.542,0.252,0.102,0.102,0.456,0.064,0.572,0.063
bedrooms,0.345,1.0,0.521,0.647,0.217,0.228,-0.008,0.081,0.013,0.381,0.54,0.23,0.18,0.017,-0.021,0.191,0.444,0.202
bathrooms,0.497,0.521,1.0,0.746,0.069,0.547,0.05,0.156,-0.163,0.658,0.691,0.192,0.567,0.043,0.008,0.262,0.57,0.063
sqft_living,0.644,0.647,0.746,1.0,0.304,0.401,0.07,0.233,-0.063,0.716,0.844,0.328,0.352,0.053,0.031,0.285,0.747,0.284
sqft_lot,0.075,0.217,0.069,0.304,1.0,-0.234,0.086,0.117,0.115,0.152,0.272,0.037,-0.038,0.009,-0.122,0.371,0.36,0.922
floors,0.322,0.228,0.547,0.401,-0.234,1.0,0.024,0.02,-0.288,0.502,0.599,-0.272,0.552,0.013,0.025,0.149,0.305,-0.231
waterfront,0.115,-0.008,0.05,0.07,0.086,0.024,1.0,0.285,0.017,0.062,0.054,0.052,-0.029,0.092,-0.019,-0.038,0.075,0.092
view,0.294,0.081,0.156,0.233,0.117,0.02,0.285,1.0,0.046,0.217,0.144,0.237,-0.067,0.097,-0.0,-0.103,0.256,0.117
condition,0.018,0.013,-0.163,-0.063,0.115,-0.288,0.017,0.046,1.0,-0.167,-0.158,0.162,-0.394,-0.066,-0.022,-0.085,-0.087,0.118
grade,0.658,0.381,0.658,0.716,0.152,0.502,0.062,0.217,-0.167,1.0,0.712,0.093,0.501,0.016,0.104,0.223,0.663,0.156
sqft_above,0.542,0.54,0.691,0.844,0.272,0.599,0.054,0.144,-0.158,0.712,1.0,-0.166,0.472,0.031,-0.026,0.385,0.697,0.254
sqft_basement,0.252,0.23,0.192,0.328,0.037,-0.272,0.052,0.237,0.162,0.093,-0.166,1.0,-0.178,0.063,0.116,-0.2,0.13,0.031
yr_built,0.102,0.18,0.567,0.352,-0.038,0.552,-0.029,-0.067,-0.394,0.501,0.472,-0.178,1.0,-0.215,-0.126,0.413,0.336,-0.016
yr_renovated,0.102,0.017,0.043,0.053,0.009,0.013,0.092,0.097,-0.066,0.016,0.031,0.063,-0.215,1.0,0.025,-0.075,-0.006,0.009
lat,0.456,-0.021,0.008,0.031,-0.122,0.025,-0.019,-0.0,-0.022,0.104,-0.026,0.116,-0.126,0.025,1.0,-0.143,0.028,-0.117
long,0.064,0.191,0.262,0.285,0.371,0.149,-0.038,-0.103,-0.085,0.223,0.385,-0.2,0.413,-0.075,-0.143,1.0,0.38,0.373
sqft_living15,0.572,0.444,0.57,0.747,0.36,0.305,0.075,0.256,-0.087,0.663,0.697,0.13,0.336,-0.006,0.028,0.38,1.0,0.366
sqft_lot15,0.063,0.202,0.063,0.284,0.922,-0.231,0.092,0.117,0.118,0.156,0.254,0.031,-0.016,0.009,-0.117,0.373,0.366,1.0
