zipcode,ventas,mediana
98002,199,235000.0
98168,269,235000.0
98032,125,249000.0
98001,362,260000.0
98188,136,264000.0
98198,280,265000.0
98003,280,267475.0
98023,499,268450.0
98148,57,278000.0
98178,262,278277.0
98022,234,279500.0
98030,256,282255.0
98031,274,288200.0
98042,548,292000.0
98055,268,294950.0
98146,288,305000.0
98092,351,309780.0
98106,335,315000.0
98058,455,335000.0
98038,590,342000.0
98108,186,342500.0
98010,100,359999.5
98118,508,367500.0
98133,494,375000.0
98155,446,375000.0
98056,406,380000.0
98166,254,390000.0
98126,354,395750.0
98045,221,399500.0
98019,190,401250.0
98014,124,415000.0
98125,410,425000.0
98059,468,435000.0
98028,283,445000.0
98034,545,445950.0
98144,343,450000.0
98024,81,460000.0
98070,118,463750.0
98011,195,470000.0
98136,263,489950.0
98065,310,500000.0
98072,273,515000.0
98107,266,529950.0
98117,553,544000.0
98008,283,545000.0
98103,602,550000.0
98177,255,554000.0
98007,141,555000.0
98116,330,562750.0
98115,583,567000.0
98027,412,570500.0
98122,290,572000.0
98029,321,575000.0
98052,574,615000.0
98053,405,635000.0
98074,441,642000.0
98077,198,652475.0
98105,229,675000.0
98033,432,678350.0
98199,317,689800.0
98102,105,720000.0
98109,109,736000.0
98075,359,739999.0
98119,184,744975.0
98006,498,760184.5
98005,168,765475.0
98112,269,915000.0
98040,282,993750.0
98004,317,1150000.0
98039,50,1892500.0
